Branch,Author,Commits
dev,AndreaMoraledaBlanco,48
dev,EmmaMontalbanA,26
dev_EDA_emma,AndreaMoraledaBlanco,1
dev_EDA_emma,EmmaMontalbanA,5
dev_models_ema,AndreaMoraledaBlanco,11
dev_models_ema,EmmaMontalbanA,8
eda_andrea,AndreaMoraledaBlanco,7
eda_andrea,EmmaMontalbanA,4
ensamble,AndreaMoraledaBlanco,19
ensamble,EmmaMontalbanA,12
feature_limit_comments,AndreaMoraledaBlanco,47
feature_limit_comments,EmmaMontalbanA,26
feature_stacking,AndreaMoraledaBlanco,23
feature_stacking,EmmaMontalbanA,13
main,AndreaMoraledaBlanco,49
main,EmmaMontalbanA,27
streamlit,AndreaMoraledaBlanco,15
streamlit,EmmaMontalbanA,8
xgboost_model,AndreaMoraledaBlanco,18
xgboost_model,EmmaMontalbanA,8
youtube_comments,AndreaMoraledaBlanco,18
youtube_comments,EmmaMontalbanA,8
